{"metrics": [{"accuracy": 0.6025, "precision": 0.6514657980456026, "recall": 0.7936507936507936, "f1": 0.7155635062611807, "cv_scores": [0.578125, 0.5875, 0.5875, 0.565625, 0.5625], "timestamp": "2025-05-23T15:12:31.163453"}], "predictions": []}